{
  "analysis_type": "Comprehensive GDP-Life Expectancy Correlation Analysis",
  "total_observations": 2485,
  "countries_analyzed": 158,
  "analysis_components": [
    "Descriptive Statistics",
    "Correlation Heatmap",
    "Scatter Plot Matrix",
    "Regional Analysis",
    "Basic Correlation Analysis"
  ],
  "key_findings": {
    "global_pearson_correlation": 0.5982923673384266,
    "global_spearman_correlation": 0.642472172915635,
    "strongest_regional_correlation": 0.6376560902303042,
    "weakest_regional_correlation": 0.323369656380302
  },
  "descriptive_statistics": {
    "Variable": {
      "0": "GDP",
      "1": "log10(GDP)",
      "2": "Life Expectancy"
    },
    "Count": {
      "0": 2485,
      "1": 2485,
      "2": 2485
    },
    "Mean": {
      "0": 7303.24273927195,
      "1": 3.2421650473194004,
      "2": 69.37066398390341
    },
    "Median": {
      "0": 1764.97387,
      "1": 3.246738280149442,
      "2": 72.2
    },
    "Std": {
      "0": 13253.426973310608,
      "1": 0.8139041386225254,
      "2": 9.645918333729396
    },
    "Min": {
      "0": 1.68135,
      "1": 0.22565812822033265,
      "2": 36.3
    },
    "Max": {
      "0": 65589.98727919986,
      "1": 4.81683754667313,
      "2": 89.0
    },
    "Skewness": {
      "0": 2.6575256696588854,
      "1": -0.17082627090320404,
      "2": -0.6512036594355926
    }
  },
  "regional_correlations": {
    "region": {
      "0": "Asia",
      "1": "Europe",
      "2": "Africa",
      "3": "Americas",
      "4": "Oceania"
    },
    "n_countries": {
      "0": 33,
      "1": 34,
      "2": 45,
      "3": 26,
      "4": 9
    },
    "n_observations": {
      "0": 524,
      "1": 544,
      "2": 691,
      "3": 416,
      "4": 143
    },
    "pearson_r": {
      "0": 0.6376560902303042,
      "1": 0.40454852771517025,
      "2": 0.323369656380302,
      "3": 0.35199893665653936,
      "4": 0.6011263812998374
    },
    "pearson_pvalue": {
      "0": 3.8002056375313804e-61,
      "1": 7.755453287830752e-23,
      "2": 2.77328055458546e-18,
      "3": 1.4054694208058018e-13,
      "4": 2.0572006250924496e-15
    },
    "spearman_r": {
      "0": 0.6479177867868819,
      "1": 0.45052425979820326,
      "2": 0.3209597484746522,
      "3": 0.33040338663719804,
      "4": 0.6028983557388269
    },
    "spearman_pvalue": {
      "0": 1.0580871979122878e-63,
      "1": 1.504060207331621e-28,
      "2": 5.0743423832094936e-18,
      "3": 4.71941773288837e-12,
      "4": 1.62028064056352e-15
    }
  }
}