{
  "global_pearson_log10gdp_life": 0.5982923673384265,
  "global_pearson_pvalue": 3.3170680455140306e-241,
  "global_spearman_gdp_life": 0.642472172915635,
  "global_spearman_pvalue": 2.3511252485240885e-289
}