country,avg_life_expectancy,avg_gdp
Japan,82.5375,24892.544784375
Sweden,82.51875,29334.990639375
Iceland,82.44375,29987.10722682499
Switzerland,82.33125,51201.92734839994
France,82.21875,26465.551380625
Italy,82.1875,21234.782370625
Spain,82.06875,17093.459736875
Australia,81.8125,34369.44012114998
Norway,81.79375,24228.349835424968
Canada,81.6875,29382.907523125
